Gender,Age,cg00050873,cg00212031,cg00213748,cg00214611,cg00455876,cg01707559,cg02004872,cg02011394,cg02050847,cg02233190,cg02494853,cg02839557,cg02842889,cg03052502,cg03155755,cg03244189,cg03443143,cg03683899,cg03695421,cg03706273,Smoking.Status
female,67,0.607563,0.422843,0.372455,0.621562,0.290777,0.267143,0.179144,0.480252,0.327608,0.24112,0.06707,0.246993,0.46924,0.400247,0.415031,0.221433,0.475826,0.207724,0.209197,0.129983,never
female,49,0.345054,0.568662,0.5006,0.498607,0.374591,0.190274,0.155977,0.418081,0.346463,0.175491,0.046939,0.236742,0.307467,0.377031,0.397371,0.217122,0.544469,0.184446,0.193773,0.098533,never
female,53,0.32135,0.360909,0.352732,0.373824,0.230674,0.314705,0.105745,0.615103,0.237539,0.246409,0.038237,0.244612,0.357753,0.305044,0.521278,0.185049,0.53706,0.393123,0.268003,0.040248,current
female,62,0.277268,0.304437,0.475235,0.486258,0.295181,0.295793,0.111286,0.30102,0.304535,0.177028,0.026716,0.001641,0.445739,0.271475,0.434492,0.165419,0.507917,0.281209,0.217857,0.101516,never
female,33,0.413599,0.131251,0.367545,0.761167,0.23577,0.250526,0.169108,0.392975,0.306226,0.301701,0.037016,0.33432,0.39504,0.326553,0.430097,0.181135,0.405479,0.310794,0.280071,0.077857,never
female,59,0.62286,0.501685,0.263227,0.415746,0.475189,0.253904,0.260759,0.509792,0.405246,0.385272,0.025835,0.30921,0.321857,0.533367,0.571552,0.210975,0.377824,0.469361,0.343332,0.045779,never
female,66,0.409273,0.378416,0.242161,0.279939,0.234222,0.255936,0.128688,0.34216,0.428115,0.143948,0.035112,0.182076,0.398945,0.391416,0.451552,0.205956,0.436584,0.253315,0.094898,0.060545,current
female,51,0.386916,0.272604,0.425061,0.351245,0.413535,0.227764,0.123865,0.473607,0.253496,0.237647,0.082291,0.528582,0.276791,0.377234,0.522337,0.15098,0.262195,0.361602,0.203181,0.061299,current
male,55,0.830905,0.301801,0.849974,0.031347,0.814698,0.074442,0.024794,0.95895,0.981424,0.049862,0.040486,0.043005,0.027229,0.978406,0.922987,0.078711,0.871157,0.013511,0.381137,0.070185,current
male,37,0.820439,0.028893,0.884066,0.032633,0.850011,0.055499,0.014671,0.952861,0.974265,0.008632,0.021319,0.045582,0.018422,0.963112,0.923062,0.048921,0.872822,0.015901,0.599377,0.02378,current
male,59,0.844935,0.032581,0.744251,0.026261,0.794534,0.0605,0.018198,0.973717,0.979008,0.063832,0.026308,0.036973,0.02383,0.976878,0.969585,0.082425,0.884661,0.01512,0.757038,0.017891,current
male,49,0.811497,0.035746,0.785175,0.037184,0.767445,0.073587,0.0201,0.941113,0.965841,0.024161,0.05424,0.041965,0.013456,0.990203,0.902324,0.090556,0.874846,0.014918,0.698346,0.048811,current
male,47,0.817777,0.023821,0.866466,0.04588,0.779887,0.058626,0.033106,0.954708,0.962823,0.022268,0.04487,0.027259,0.017592,0.969771,0.917024,0.041652,0.873559,0.028531,0.544728,0.039109,current
male,69,0.811617,0.050635,0.702572,0.038536,0.782747,0.093371,0.019781,0.941181,0.968721,0.043866,0.032806,0.053789,0.024806,0.960137,0.907801,0.105327,0.836242,0.016548,0.75384,0.087151,current
male,69,0.797144,0.018862,0.762033,0.025787,0.783763,0.091458,0.030574,0.956861,0.966313,0.047324,0.032623,0.056725,0.024962,0.98212,0.914447,0.102056,0.857545,0.039223,0.69897,0.096347,current
male,66,0.897273,0.04885,0.673733,0.052486,0.751246,0.060805,0.02327,0.970618,0.973194,0.020504,0.028505,0.070391,0.026059,0.9824,0.941838,0.132762,0.935893,0.037897,0.811779,0.026906,current
male,58,0.824006,0.026821,0.809637,0.036073,0.804185,0.075961,0.014453,0.962751,0.968645,0.014125,0.02344,0.036287,0.017149,0.965319,0.925811,0.055496,0.860706,0.014594,0.711533,0.02301,current
male,62,0.814392,0.013285,0.854319,0.035455,0.822973,0.043715,0.006642,0.926018,0.967366,0.021188,0.02921,0.035407,0.024229,0.970598,0.908563,0.039362,0.868281,0.018942,0.680468,0.015853,current
male,53,0.82307,0.022662,0.869944,0.048205,0.788891,0.105154,0.013045,0.950168,0.980066,0.026333,0.026011,0.032767,0.03419,0.975122,0.906137,0.075472,0.875814,0.015768,0.598024,0.016293,current
